####################################
# SETUP
####################################
CREATE DATABASE statements_digest;
USE statements_digest;
CREATE TABLE t1(a int);
CREATE TABLE t2(a int);
CREATE TABLE t3(a int, b int);
CREATE TABLE t4(a int, b int);
CREATE TABLE t5(a int, b int, c int);
SELECT * FROM performance_schema.setup_consumers;
NAME	ENABLED
events_stages_current	YES
events_stages_history	YES
events_stages_history_long	YES
events_statements_current	NO
events_statements_history	YES
events_statements_history_long	YES
events_waits_current	YES
events_waits_history	YES
events_waits_history_long	YES
global_instrumentation	YES
thread_instrumentation	YES
statements_digest	YES
TRUNCATE TABLE performance_schema.events_statements_summary_by_digest;
####################################
# EXECUTION
####################################
SELECT 1 FROM t1;
1
SELECT 1 FROM `t1`;
1
SELECT 1,2 FROM t1;
1	2
SELECT 1, 2, 3, 4 FROM t1;
1	2	3	4
SELECT 1 FROM t2;
1
SELECT 1,2 FROM t2;
1	2
SELECT 1, 2, 3, 4 FROM t2;
1	2	3	4
INSERT INTO t1 VALUES (1);
INSERT INTO t2 VALUES (1);
INSERT INTO t3 VALUES (1, 2);
INSERT INTO t4 VALUES (1, 2);
INSERT INTO t5 VALUES (1, 2, 3);
INSERT INTO t1 VALUES (1), (2), (3);
INSERT INTO t1 VALUES (1), (2), (3), (4);
INSERT INTO t3 VALUES (1, 2), (3, 4), (5, 6);
INSERT INTO t5 VALUES (1, 2, 3), (4, 5, 6), (7, 8, 9);
SELECT                                          1           +        1;
1           +        1
2
SELECT 1;
1
1
SELECT 1 /* This is an inline comment */ + 1;
1 /* This is an inline comment */ + 1
2
SELECT 1+
/*
this is a
multiple-line comment
*/
1;
1+
/*
this is a
multiple-line comment
*/
1
2
CREATE SCHEMA statements_digest_temp;
DROP SCHEMA statements_digest_temp;
CREATE DATABASE statements_digest_temp;
DROP DATABASE statements_digest_temp;
SELECT 1 from t11;
ERROR 42S02: Table 'statements_digest.t11' doesn't exist
create table t11 (c char(4));
create table t11 (c char(4));
ERROR 42S01: Table 't11' already exists
insert into t11 values("MySQL");
Warnings:
Warning	1265	Data truncated for column 'c' at row 1
####################################
# QUERYING PS STATEMENT DIGEST
####################################
SELECT digest, digest_text, count_star FROM performance_schema.events_statements_summary_by_digest;
digest	digest_text	count_star
3225531460dd440befd77236e5120ed8	TRUNCATE TABLE performance_schema . events_statements_summary_by_digest  	1
ee68ed554a5635c7150bf4145bf7b407	SELECT ? FROM t1  	1
df8387c347acdee7c6921a9f4d6dd4c3	SELECT ? FROM `t1`  	1
315c9ba9f900acbd481c410f8682a177	SELECT ?, ... FROM t1  	2
690e9ae778d8139380037b23982a2751	SELECT ? FROM t2  	1
11a7796987200437c70b279b724de1c5	SELECT ?, ... FROM t2  	2
6cf57914c95f7c1b7002add9dfba500a	INSERT INTO t1 VALUES (?)  	1
b1d63656e88d49ad8f35cde60ed237ac	INSERT INTO t2 VALUES (?)  	1
c9ef4f55c1b2d510c45b06a957b03528	INSERT INTO t3 VALUES (...)  	1
1ca36bb6072d28969691835393f05613	INSERT INTO t4 VALUES (...)  	1
0e34bd5feaa44dcac28546af0b44d483	INSERT INTO t5 VALUES (...)  	1
4b4847b65054d2a7e0bfd628f5c4c1f8	INSERT INTO t1 VALUES (?) /* , ... */  	2
a3864a3b53830547b589fc1e645ae9e0	INSERT INTO t3 VALUES (...) /* , ... */  	1
531decf5f8240256654fc7833c79d25d	INSERT INTO t5 VALUES (...) /* , ... */  	1
8f4b0e89ea4a410f4681ea667496292d	SELECT ? + ?  	3
2cfaf59d6b5a2bdd331188ed37fd8d91	SELECT ?  	1
85d2000611635c9cbffba908d1fd0ae9	CREATE SCHEMA statements_digest_temp  	2
a33623d6bc003da1a327b8ae10456f84	DROP SCHEMA statements_digest_temp  	2
ff47f3960b7118240c57d8646d016d7f	SELECT ? FROM t11  	1
c728d9b6c1b79b9dac451c685899cb59	CREATE TABLE t11 ( c CHARACTER (?) )  	2
34e7c0331037e3bf580d4a35005fca34	INSERT INTO t11 VALUES (?)  	1
e527c909da8f650bee03c420345342dc	SHOW WARNINGS  	1
SELECT digest, digest_text FROM performance_schema.events_statements_current;
digest	digest_text
####################################
# CLEANUP
####################################
DROP TABLE IF EXISTS t1;
DROP TABLE IF EXISTS t2;
DROP TABLE IF EXISTS t3;
DROP TABLE IF EXISTS t4;
DROP TABLE IF EXISTS t5;
DROP DATABASE IF EXISTS statements_digest;
