####################################
# SETUP
####################################
CREATE DATABASE statements_digest;
USE statements_digest;
CREATE TABLE t1(a int);
CREATE TABLE t2(a int);
CREATE TABLE t3(a int, b int);
CREATE TABLE t4(a int, b int);
CREATE TABLE t5(a int, b int, c int);
CREATE TABLE t6(a int, b int, c int, d int);
CREATE TABLE t11 (c CHAR(4));
CREATE TABLE t12 (c CHAR(4));
SELECT * FROM performance_schema.setup_consumers;
NAME	ENABLED
events_stages_current	YES
events_stages_history	YES
events_stages_history_long	YES
events_statements_current	NO
events_statements_history	YES
events_statements_history_long	YES
events_waits_current	YES
events_waits_history	YES
events_waits_history_long	YES
global_instrumentation	YES
thread_instrumentation	YES
statements_digest	YES
TRUNCATE TABLE performance_schema.events_statements_summary_by_digest;
####################################
# EXECUTION
####################################
SELECT 1 FROM t1;
1
SELECT 1 FROM `t1`;
1
SELECT 1,2 FROM t1;
1	2
SELECT 1, 2, 3, 4 FROM t1;
1	2	3	4
SELECT 1 FROM t2;
1
SELECT 1,2 FROM t2;
1	2
SELECT 1, 2, 3, 4 FROM t2;
1	2	3	4
INSERT INTO t1 VALUES (1);
INSERT INTO t2 VALUES (1);
INSERT INTO t3 VALUES (1, 2);
INSERT INTO t4 VALUES (1, 2);
INSERT INTO t5 VALUES (1, 2, 3);
INSERT INTO t1 VALUES (1), (2), (3);
INSERT INTO t1 VALUES (1), (2), (3), (4);
INSERT INTO t3 VALUES (1, 2), (3, 4), (5, 6);
INSERT INTO t5 VALUES (1, 2, 3), (4, 5, 6), (7, 8, 9);
INSERT INTO t1 VALUES (NULL);
INSERT INTO t3 VALUES (NULL,NULL);
INSERT INTO t3 VALUES (1,NULL);
INSERT INTO t3 VALUES (NULL,1);
INSERT INTO t6 VALUES (NULL, NULL, NULL, NULL);
INSERT INTO t6 VALUES (1, NULL, NULL, NULL);
INSERT INTO t6 VALUES (NULL, 2, NULL, NULL);
INSERT INTO t6 VALUES (1, 2, 3, NULL);
INSERT INTO t6 VALUES (1, 2, NULL, 4);
SELECT                                          1           +        1;
1           +        1
2
SELECT 1;
1
1
SELECT 1 /* This is an inline comment */ + 1;
1 /* This is an inline comment */ + 1
2
SELECT 1+
/*
this is a
multiple-line comment
*/
1;
1+
/*
this is a
multiple-line comment
*/
1
2
CREATE SCHEMA statements_digest_temp;
DROP SCHEMA statements_digest_temp;
CREATE DATABASE statements_digest_temp;
DROP DATABASE statements_digest_temp;
SELECT 1 FROM no_such_table;
ERROR 42S02: Table 'statements_digest.no_such_table' doesn't exist
CREATE TABLE dup_table (c char(4));
CREATE TABLE dup_table (c char(4));
ERROR 42S01: Table 'dup_table' already exists
DROP TABLE dup_table;
INSERT INTO t11 VALUES("MySQL");
Warnings:
Warning	1265	Data truncated for column 'c' at row 1
PREPARE stmt FROM "SELECT * FROM t12";
EXECUTE stmt;
c
EXECUTE stmt;
c
DEALLOCATE PREPARE stmt;
CREATE PROCEDURE p1() BEGIN SELECT * FROM t12; END//
CALL p1();
c
CALL p1();
c
DROP PROCEDURE p1;
CREATE FUNCTION `func`(a INT, b INT) RETURNS int(11) RETURN a+b //
select func(3,4);
func(3,4)
7
select func(13,42);
func(13,42)
55
DROP FUNCTION func;
CREATE TRIGGER trg BEFORE INSERT ON t12 FOR EACH ROW SET @a:=1;
INSERT INTO t12 VALUES ("abc");
INSERT INTO t12 VALUES ("def");
DROP TRIGGER trg;
####################################
# QUERYING PS STATEMENT DIGEST
####################################
SELECT schema_name, digest, digest_text, count_star FROM performance_schema.events_statements_summary_by_digest;
schema_name	digest	digest_text	count_star
statements_digest	058e261e03a3429e9dde588ee7852ca9	TRUNCATE TABLE performance_schema . events_statements_summary_by_digest 	1
statements_digest	f06e1e6dfc4bf7cfd4dba5c51f13c627	SELECT ? FROM t1 	1
statements_digest	1aa077e01aca3d45b15ce527a070b870	SELECT ? FROM `t1` 	1
statements_digest	e8a62a4be5eebe5da537dca976a46369	SELECT ?, ... FROM t1 	2
statements_digest	55954e653faa536a8d04cb581ff2c3dd	SELECT ? FROM t2 	1
statements_digest	dfba57e13cf9a61e71d382e5e8f507dc	SELECT ?, ... FROM t2 	2
statements_digest	07fd34fc3ad88826c4680e5517df8b56	INSERT INTO t1 VALUES (?) 	1
statements_digest	f9bbb87739bb3e674e1b4d888f4d852d	INSERT INTO t2 VALUES (?) 	1
statements_digest	fd3d685c4ffea28c372da82013927fe9	INSERT INTO t3 VALUES (...) 	4
statements_digest	a40fcf6ddcce2b12549af18a460f34cc	INSERT INTO t4 VALUES (...) 	1
statements_digest	bd9efa806d48703d9e0c04f42ef248be	INSERT INTO t5 VALUES (...) 	1
statements_digest	e0a648ba1f7102ad97159137f51d03e2	INSERT INTO t1 VALUES (?) /* , ... */ 	2
statements_digest	bf47d74b741aa74e219661e51cc7bd5a	INSERT INTO t3 VALUES (...) /* , ... */ 	1
statements_digest	770e2aa80fd5c31b698f372846b60a26	INSERT INTO t5 VALUES (...) /* , ... */ 	1
statements_digest	a201d75ec8bbedb67d81bf34d8e72d11	INSERT INTO t1 VALUES ( NULL ) 	1
statements_digest	570ad676b68ac8372387855d3a49ad3b	INSERT INTO t6 VALUES (...) 	5
statements_digest	2070052b03b2d75f23d12feb7cf14db8	SELECT ? + ? 	3
statements_digest	ac19ca62acbdacd2f797f8656936cc46	SELECT ? 	1
statements_digest	dec987af5d13596c58a0b3382bf4be0a	CREATE SCHEMA statements_digest_temp 	2
statements_digest	310050e7e30e166116fd9b04b9a39cec	DROP SCHEMA statements_digest_temp 	2
statements_digest	9e0ac69ff040710432c714809211455b	SELECT ? FROM no_such_table 	1
statements_digest	a1ca1ae73bcb5f885f599ed928b63d4f	CREATE TABLE dup_table ( c CHARACTER (?) ) 	2
statements_digest	b27c620e7d1bef3db8935413b4d76902	DROP TABLE dup_table 	1
statements_digest	d822ef0a683e0cf695ae25fb22a3888b	INSERT INTO t11 VALUES (?) 	1
statements_digest	5fc311802f8a481642977bff3fc89e7f	SHOW WARNINGS 	1
statements_digest	0f36f46585cc5004c9c9690a390f1849	PREPARE stmt FROM ? 	1
statements_digest	933bf6630b020a5215edb27059bd68cc	EXECUTE stmt 	2
statements_digest	45459d112476cdf389c4c43b25fe1751	DEALLOCATE PREPARE stmt 	1
statements_digest	fb7cce5ec6c4793335b102e006bde9f0	CREATE PROCEDURE p1 ( ) BEGIN SELECT * FROM t12 ; END 	1
statements_digest	554e43a1cba81ed9076c04f39721c94b	CALL p1 ( ) 	2
statements_digest	aa9d2a149756e50d528de565a14d1d18	DROP PROCEDURE p1 	1
statements_digest	67c2e7a9c61879240dac40286cfd97f9	CREATE FUNCTION `func` ( a INTEGER , b INTEGER ) RETURNS INTEGER (?) RETURN a + b 	1
statements_digest	208d842bca1bfdcfa6267c5cf90014a5	SELECT func (...) 	2
statements_digest	eba7f0de7c0682908b1810e99b3194e8	DROP FUNCTION func 	1
statements_digest	51c49c31b51f43b83a4933782addee0a	CREATE TRIGGER trg BEFORE INSERT ON t12 FOR EACH ROW SET @ ? := ? 	1
statements_digest	3d8c6af34b1cc5c04dddfa8cc81b6a9a	INSERT INTO t12 VALUES (?) 	2
statements_digest	78eb3e982b2f4887f2e8c7b5a49ce982	DROP TRIGGER trg 	1
SELECT digest, digest_text FROM performance_schema.events_statements_current;
digest	digest_text
####################################
# CLEANUP
####################################
DROP TABLE IF EXISTS t1;
DROP TABLE IF EXISTS t2;
DROP TABLE IF EXISTS t3;
DROP TABLE IF EXISTS t4;
DROP TABLE IF EXISTS t5;
DROP TABLE IF EXISTS t6;
DROP TABLE IF EXISTS t11;
DROP TABLE IF EXISTS t12;
DROP DATABASE IF EXISTS statements_digest;
