####################################
# SETUP
####################################
CREATE DATABASE statements_digest;
USE statements_digest;
CREATE TABLE t1(a int);
CREATE TABLE t2(a int);
CREATE TABLE t3(a int, b int);
CREATE TABLE t4(a int, b int);
CREATE TABLE t5(a int, b int, c int);
CREATE TABLE t6(a int, b int, c int, d int);
CREATE TABLE t11 (c CHAR(4));
CREATE TABLE t12 (c CHAR(4));
SELECT * FROM performance_schema.setup_consumers;
NAME	ENABLED
events_stages_current	YES
events_stages_history	YES
events_stages_history_long	YES
events_statements_current	NO
events_statements_history	YES
events_statements_history_long	YES
events_waits_current	YES
events_waits_history	YES
events_waits_history_long	YES
global_instrumentation	YES
thread_instrumentation	YES
statements_digest	YES
TRUNCATE TABLE performance_schema.events_statements_summary_by_digest;
####################################
# EXECUTION
####################################
SELECT 1 FROM t1;
1
SELECT 1 FROM `t1`;
1
SELECT 1,2 FROM t1;
1	2
SELECT 1, 2, 3, 4 FROM t1;
1	2	3	4
SELECT 1 FROM t2;
1
SELECT 1,2 FROM t2;
1	2
SELECT 1, 2, 3, 4 FROM t2;
1	2	3	4
INSERT INTO t1 VALUES (1);
INSERT INTO t2 VALUES (1);
INSERT INTO t3 VALUES (1, 2);
INSERT INTO t4 VALUES (1, 2);
INSERT INTO t5 VALUES (1, 2, 3);
INSERT INTO t1 VALUES (1), (2), (3);
INSERT INTO t1 VALUES (1), (2), (3), (4);
INSERT INTO t3 VALUES (1, 2), (3, 4), (5, 6);
INSERT INTO t5 VALUES (1, 2, 3), (4, 5, 6), (7, 8, 9);
INSERT INTO t1 VALUES (NULL);
INSERT INTO t3 VALUES (NULL,NULL);
INSERT INTO t3 VALUES (1,NULL);
INSERT INTO t3 VALUES (NULL,1);
INSERT INTO t6 VALUES (NULL, NULL, NULL, NULL);
INSERT INTO t6 VALUES (1, NULL, NULL, NULL);
INSERT INTO t6 VALUES (NULL, 2, NULL, NULL);
INSERT INTO t6 VALUES (1, 2, 3, NULL);
INSERT INTO t6 VALUES (1, 2, NULL, 4);
SELECT                                          1           +        1;
1           +        1
2
SELECT 1;
1
1
SELECT 1 /* This is an inline comment */ + 1;
1 /* This is an inline comment */ + 1
2
SELECT 1+
/*
this is a
multiple-line comment
*/
1;
1+
/*
this is a
multiple-line comment
*/
1
2
CREATE SCHEMA statements_digest_temp;
DROP SCHEMA statements_digest_temp;
CREATE DATABASE statements_digest_temp;
DROP DATABASE statements_digest_temp;
SELECT 1 FROM no_such_table;
ERROR 42S02: Table 'statements_digest.no_such_table' doesn't exist
CREATE TABLE dup_table (c char(4));
CREATE TABLE dup_table (c char(4));
ERROR 42S01: Table 'dup_table' already exists
DROP TABLE dup_table;
INSERT INTO t11 VALUES("MySQL");
Warnings:
Warning	1265	Data truncated for column 'c' at row 1
PREPARE stmt FROM "SELECT * FROM t12";
EXECUTE stmt;
c
EXECUTE stmt;
c
DEALLOCATE PREPARE stmt;
CREATE PROCEDURE p1() BEGIN SELECT * FROM t12; END//
CALL p1();
c
CALL p1();
c
DROP PROCEDURE p1;
CREATE FUNCTION `func`(a INT, b INT) RETURNS int(11) RETURN a+b //
select func(3,4);
func(3,4)
7
select func(13,42);
func(13,42)
55
DROP FUNCTION func;
CREATE TRIGGER trg BEFORE INSERT ON t12 FOR EACH ROW SET @a:=1;
INSERT INTO t12 VALUES ("abc");
INSERT INTO t12 VALUES ("def");
DROP TRIGGER trg;
####################################
# QUERYING PS STATEMENT DIGEST
####################################
SELECT schema_name, digest, digest_text, count_star FROM performance_schema.events_statements_summary_by_digest;
schema_name	digest	digest_text	count_star
statements_digest	9dc10607f0c5f847fdec5021ec55454c	TRUNCATE TABLE performance_schema . events_statements_summary_by_digest 	1
statements_digest	70dfef34974722c072dfde594161c53f	SELECT ? FROM t1 	1
statements_digest	92afc5f0de28802cf90bac0d2ecc28ea	SELECT ? FROM `t1` 	1
statements_digest	a3c82be9beb57590c35da4ffdde342f4	SELECT ?, ... FROM t1 	2
statements_digest	4aa210c131d9f75ee7acfea2b4f84f8e	SELECT ? FROM t2 	1
statements_digest	4160fd3e7a59e6a4fab0d5188e306d8f	SELECT ?, ... FROM t2 	2
statements_digest	033964070b3cfe70ea0e6edf21ab5595	INSERT INTO t1 VALUES (?) 	1
statements_digest	cd2843f72a1484fb137664855d268a23	INSERT INTO t2 VALUES (?) 	1
statements_digest	51de047a21efe42b07e3af030330af0e	INSERT INTO t3 VALUES (...) 	4
statements_digest	159f7021cd6b766d3f8f98d6f49c26c7	INSERT INTO t4 VALUES (...) 	1
statements_digest	0d298ad85eb763cfed01450d45ed311f	INSERT INTO t5 VALUES (...) 	1
statements_digest	2872669f092c0878080b93d8d55a9efa	INSERT INTO t1 VALUES (?) /* , ... */ 	2
statements_digest	f8b8ffcea0840f0b796c04be7c4586a7	INSERT INTO t3 VALUES (...) /* , ... */ 	1
statements_digest	ba4e21efb9e3704e86b2036505d76608	INSERT INTO t5 VALUES (...) /* , ... */ 	1
statements_digest	7b81bc3a5cc54098b68df4297456ca42	INSERT INTO t1 VALUES ( NULL ) 	1
statements_digest	dc50d0a03e9f4c25493bbb660614a979	INSERT INTO t6 VALUES (...) 	5
statements_digest	772f22c3ca1b998449570d41d677b739	SELECT ? + ? 	3
statements_digest	4077abb1c6924eb2e61a4e6b5832e610	SELECT ? 	1
statements_digest	dec987af5d13596c58a0b3382bf4be0a	CREATE SCHEMA statements_digest_temp 	2
statements_digest	310050e7e30e166116fd9b04b9a39cec	DROP SCHEMA statements_digest_temp 	2
statements_digest	1de70c587e0cc8f72f18f5532ea9ce41	SELECT ? FROM no_such_table 	1
statements_digest	a0fcbd276415d695cbbd0ff9ea988fd1	CREATE TABLE dup_table ( c CHARACTER (?) ) 	2
statements_digest	47eff8114ef3ff7156ea1f894792a780	DROP TABLE dup_table 	1
statements_digest	ca7b7a57283e104af725938959e04acc	INSERT INTO t11 VALUES (?) 	1
statements_digest	09d296fc41f9a0a8e3badbfb548e69d9	SHOW WARNINGS 	1
statements_digest	daef8b2773ba22b629205ac8d37275ba	PREPARE stmt FROM ? 	1
statements_digest	933bf6630b020a5215edb27059bd68cc	EXECUTE stmt 	2
statements_digest	45459d112476cdf389c4c43b25fe1751	DEALLOCATE PREPARE stmt 	1
statements_digest	317d254d2506653e151e8ca097fc8f18	CREATE PROCEDURE p1 ( ) BEGIN SELECT * FROM t12 ; END 	1
statements_digest	554e43a1cba81ed9076c04f39721c94b	CALL p1 ( ) 	2
statements_digest	aa9d2a149756e50d528de565a14d1d18	DROP PROCEDURE p1 	1
statements_digest	e5674b0df28911bcb4fb4a1902b6e30a	CREATE FUNCTION `func` ( a INTEGER , b INTEGER ) RETURNS INTEGER (?) RETURN a + b 	1
statements_digest	a70c0561b972d4e50638d5ecdeef2ff1	SELECT func (...) 	2
statements_digest	eba7f0de7c0682908b1810e99b3194e8	DROP FUNCTION func 	1
statements_digest	3f4217b75adb295c507c21edda9a7880	CREATE TRIGGER trg BEFORE INSERT ON t12 FOR EACH ROW SET @ ? := ? 	1
statements_digest	9628bd16a7f019ca3046a449ec9e4e30	INSERT INTO t12 VALUES (?) 	2
statements_digest	d62fc8c82ef777e9c3af4f47743e0c46	DROP TRIGGER trg 	1
SELECT digest, digest_text FROM performance_schema.events_statements_current;
digest	digest_text
####################################
# CLEANUP
####################################
DROP TABLE IF EXISTS t1;
DROP TABLE IF EXISTS t2;
DROP TABLE IF EXISTS t3;
DROP TABLE IF EXISTS t4;
DROP TABLE IF EXISTS t5;
DROP TABLE IF EXISTS t6;
DROP TABLE IF EXISTS t11;
DROP TABLE IF EXISTS t12;
DROP DATABASE IF EXISTS statements_digest;
