use mysql;
create role test_role1;
create role test_role2, test_role3;
select user, host, is_role from user where user like 'test';
user	host	is_role
drop role test_role1;
drop role test_role2, test_role3;
create role test_role1;
create role test_role1;
ERROR HY000: Operation CREATE ROLE failed for 'test_role1'
create role test_role1, test_role2;
ERROR HY000: Operation CREATE ROLE failed for 'test_role1'
select user, host, is_role from user where user like 'test';
user	host	is_role
drop role test_role1;
drop role test_role1;
ERROR HY000: Operation DROP ROLE failed for 'test_role1'
drop role test_role1, test_role2;
ERROR HY000: Operation DROP ROLE failed for 'test_role1'
select user, host, is_role from user where user like 'test';
user	host	is_role
