#
# Bug #46791: Assertion failed:(table->key_read==0),function unknown
#    function,file sql_base.cc
#
CREATE TABLE t1 (a INT, b INT, KEY(a));
INSERT INTO t1 VALUES (1,1),(2,2);
CREATE TABLE t2 LIKE t1;
INSERT INTO t2 VALUES (1,1),(2,2);
CREATE TABLE t3 LIKE t1;
# should have 1 impossible where and 2 dependent subqueries
EXPLAIN
SELECT 1 FROM t1
WHERE NOT EXISTS (SELECT 1 FROM t2 WHERE 1 = (SELECT MIN(t2.b) FROM t3))
ORDER BY count(*);
id	select_type	table	type	possible_keys	key	key_len	ref	rows	Extra
1	PRIMARY	t1	index	NULL	a	5	NULL	2	Using index; Using temporary
2	DEPENDENT SUBQUERY	t2	ALL	NULL	NULL	NULL	NULL	2	Using where
3	DEPENDENT SUBQUERY	NULL	NULL	NULL	NULL	NULL	NULL	NULL	no matching row in const table
# should not crash the next statement
SELECT 1 FROM t1
WHERE NOT EXISTS (SELECT 1 FROM t2 WHERE 1 = (SELECT MIN(t2.b) FROM t3))
ORDER BY count(*);
1
1
# should not crash: the crash is caused by the previous statement
SELECT 1;
1
1
DROP TABLE t1,t2,t3;
#
# Bug #47106: Crash / segfault on adding EXPLAIN to a non-crashing 
# query
#
CREATE TABLE t1 (
a INT,
b INT,
PRIMARY KEY (a),
KEY b (b)
);
INSERT INTO t1 VALUES (1, 1), (2, 1);
CREATE TABLE t2 LIKE t1;
INSERT INTO t2 SELECT * FROM t1;
CREATE TABLE t3 LIKE t1;
INSERT INTO t3 SELECT * FROM t1;
# Should not crash.
# Should have 1 impossible where and 2 dependent subqs.
EXPLAIN
SELECT
(SELECT 1 FROM t1,t2 WHERE t2.b > t3.b)
FROM t3 WHERE 1 = 0 GROUP BY 1;
id	select_type	table	type	possible_keys	key	key_len	ref	rows	Extra
1	PRIMARY	NULL	NULL	NULL	NULL	NULL	NULL	NULL	Impossible WHERE
2	DEPENDENT SUBQUERY	t1	index	NULL	PRIMARY	4	NULL	2	Using index
2	DEPENDENT SUBQUERY	t2	index	b	b	5	NULL	2	Using where; Using index; Using join buffer
# should return 0 rows
SELECT
(SELECT 1 FROM t1,t2 WHERE t2.b > t3.b)
FROM t3 WHERE 1 = 0 GROUP BY 1;
(SELECT 1 FROM t1,t2 WHERE t2.b > t3.b)
DROP TABLE t1,t2,t3;
End of 5.0 tests.
CREATE TABLE t1 (col_int_nokey int(11) NOT NULL, col_varchar_nokey varchar(1) NOT NULL) engine=myisam;
INSERT INTO t1 VALUES (2,'s'),(0,'v'),(2,'s');
CREATE TABLE t2 (
pk int(11) NOT NULL AUTO_INCREMENT,
`col_int_key` int(11) NOT NULL,
col_varchar_key varchar(1) NOT NULL,
PRIMARY KEY (pk),
KEY `col_int_key` (`col_int_key`),
KEY `col_varchar_key` (`col_varchar_key`)
) ENGINE=MyISAM;
INSERT INTO t2 VALUES (4,10,'g'), (5,20,'v');
SELECT t1.col_int_nokey,(SELECT MIN( t2_a.col_int_key ) FROM t2 t2_a, t2 t2_b, t1 t1_a WHERE t1_a.col_varchar_nokey = t2_b.col_varchar_key and t1.col_int_nokey ) as sub FROM t1;
col_int_nokey	sub
2	10
0	NULL
2	10
SELECT t1.col_int_nokey,(SELECT MIN( t2_a.col_int_key ) +1 FROM t2 t2_a, t2 t2_b, t1 t1_a WHERE t1_a.col_varchar_nokey = t2_b.col_varchar_key and t1.col_int_nokey ) as sub FROM t1;
col_int_nokey	sub
2	11
0	NULL
2	11
DROP TABLE t1,t2;
#
# Bug#54568: create view cause Assertion failed: 0, 
# file .\item_subselect.cc, line 836
#
EXPLAIN SELECT 1 LIKE ( 1 IN ( SELECT 1 ) );
id	select_type	table	type	possible_keys	key	key_len	ref	rows	Extra
1	PRIMARY	NULL	NULL	NULL	NULL	NULL	NULL	NULL	No tables used
Warnings:
Note	1249	Select 2 was reduced during optimization
DESCRIBE SELECT 1 LIKE ( 1 IN ( SELECT 1 ) );
id	select_type	table	type	possible_keys	key	key_len	ref	rows	Extra
1	PRIMARY	NULL	NULL	NULL	NULL	NULL	NULL	NULL	No tables used
Warnings:
Note	1249	Select 2 was reduced during optimization
# None of the below should crash
CREATE VIEW v1 AS SELECT 1 LIKE ( 1 IN ( SELECT 1 ) );
CREATE VIEW v2 AS SELECT 1 LIKE '%' ESCAPE ( 1 IN ( SELECT 1 ) );
DROP VIEW v1, v2;
#
# End of 5.1 tests.
#
