CREATE DATABASE connect;
CREATE DATABASE connect;
CREATE TABLE t1 (
`id` int(20) primary key,
`group` int NOT NULL default 1,
`a\\b` int NOT NULL default 2,
`a\\` int unsigned,
`name` varchar(32) default 'name')
DEFAULT CHARSET=latin1;
CREATE TABLE t1 ENGINE=CONNECT TABLE_TYPE=MYSQL
CONNECTION='mysql://root@127.0.0.1:SLAVE_PORT/test/t1';
SHOW CREATE TABLE t1;
Table	Create Table
t1	CREATE TABLE `t1` (
  `id` int(20) NOT NULL,
  `group` int(11) NOT NULL,
  `a\\b` int(11) NOT NULL,
  `a\\` int(10) DEFAULT NULL,
  `name` varchar(32) DEFAULT NULL
) ENGINE=CONNECT DEFAULT CHARSET=latin1 CONNECTION='mysql://root@127.0.0.1:SLAVE_PORT/test/t1' `TABLE_TYPE`='MYSQL'
INSERT INTO t1 (id, name) VALUES (1, 'foo');
Warnings:
Warning	1364	Field 'group' doesn't have a default value
Warning	1364	Field 'a\\b' doesn't have a default value
INSERT INTO t1 (id, name) VALUES (2, 'fee');
Warnings:
Warning	1364	Field 'group' doesn't have a default value
Warning	1364	Field 'a\\b' doesn't have a default value
SELECT * FROM t1;
id	group	a\\b	a\\	name
1	1	2	NULL	foo
2	1	2	NULL	fee
DROP TABLE t1;
SELECT * FROM t1;
id	group	a\\b	a\\	name
1	1	2	NULL	foo
2	1	2	NULL	fee
DROP TABLE t1;
DROP TABLE IF EXISTS connect.t1;
DROP DATABASE IF EXISTS connect;
DROP TABLE IF EXISTS connect.t1;
DROP DATABASE IF EXISTS connect;
