Table	Create Table
t1	CREATE TABLE `t1` (
  `Description` varchar(128) NOT NULL,
  `Attributes` varchar(256) NOT NULL
) ENGINE=CONNECT DEFAULT CHARSET=latin1 `TABLE_TYPE`=ODBC `CATFUNC`=Drivers `tabname`=t1
SET NAMES utf8;
CREATE TABLE t1 ENGINE=CONNECT TABLE_TYPE=ODBC CONNECTION='Driver=SQLite3 ODBC Driver;Database=MTR_SUITE_DIR/std_data/test.sqlite3;NoWCHAR=yes' CHARSET=utf8 DATA_CHARSET=utf8;;
SHOW CREATE TABLE t1;
Table	Create Table
t1	CREATE TABLE `t1` (
  `a` varchar(64) DEFAULT NULL
) ENGINE=CONNECT DEFAULT CHARSET=utf8 CONNECTION='Driver=SQLite3 ODBC Driver;Database=MTR_SUITE_DIR/std_data/test.sqlite3;NoWCHAR=yes' `TABLE_TYPE`=ODBC `DATA_CHARSET`=utf8 `tabname`=t1
SELECT * FROM t1;
a
test1
test2
тест1
тест2
ÆÇÈÉË
CREATE TABLE t2 AS SELECT * FROM t1;
SHOW CREATE TABLE t2;
Table	Create Table
t2	CREATE TABLE `t2` (
  `a` varchar(64) CHARACTER SET utf8 DEFAULT NULL
) ENGINE=MyISAM DEFAULT CHARSET=latin1
SELECT * FROM t2;
a
test1
test2
тест1
тест2
ÆÇÈÉË
DROP TABLE t2;
CREATE VIEW v1 AS SELECT * FROM t1;
SELECT * FROM v1;
a
test1
test2
тест1
тест2
ÆÇÈÉË
DROP VIEW v1;
DROP TABLE t1;
