#
# PIVOT table type is temporarily not supported
#
CREATE TABLE expenses (
Who  CHAR(10) NOT NULL,
Week INT(2) NOT NULL,
What CHAR(12) NOT NULL,
Amount DOUBLE(8,2))
ENGINE=CONNECT TABLE_TYPE=FIX FILE_NAME='expenses.txt' ENDING=2;
SELECT * FROM expenses;
Who	Week	What	Amount
Joe	3	Beer	18.00
Beth	4	Food	17.00
Janet	5	Beer	14.00
Joe	3	Food	12.00
Joe	4	Beer	19.00
Janet	5	Car	12.00
Joe	3	Food	19.00
Beth	4	Beer	15.00
Janet	5	Beer	19.00
Joe	3	Car	20.00
Joe	4	Beer	16.00
Beth	5	Food	12.00
Beth	3	Beer	16.00
Joe	4	Food	17.00
Joe	5	Beer	14.00
Janet	3	Car	19.00
Joe	4	Food	17.00
Beth	5	Beer	20.00
Janet	3	Food	18.00
Joe	4	Beer	14.00
Joe	5	Food	12.00
Janet	3	Beer	18.00
Janet	4	Car	17.00
Janet	5	Food	12.00
DROP TABLE expenses;
#
# Make the PETS table
#
CREATE TABLE pets (
Name VARCHAR(12) NOT NULL,
Race CHAR(6) NOT NULL,
Number INT NOT NULL) ENGINE=MYISAM;
INSERT INTO pets VALUES('John','dog',2);
INSERT INTO pets VALUES('Bill','cat',1);
INSERT INTO pets VALUES('Mary','dog',1);
INSERT INTO pets VALUES('Mary','cat',1);
INSERT INTO pets VALUES('Lisbeth','rabbit',2);
INSERT INTO pets VALUES('Kevin','cat',2);
INSERT INTO pets VALUES('Kevin','bird',6);
INSERT INTO pets VALUES('Donald','dog',1);
INSERT INTO pets VALUES('Donald','fish',3);
SELECT * FROM pets;
Name	Race	Number
John	dog	2
Bill	cat	1
Mary	dog	1
Mary	cat	1
Lisbeth	rabbit	2
Kevin	cat	2
Kevin	bird	6
Donald	dog	1
Donald	fish	3
DROP TABLE pets;
