DROP TABLE IF EXISTS t1;
CREATE TABLE t1 (a INT, b INT) ENGINE=Aria;
INSERT t1 VALUES (3,2004),(2,2006),(1,2007),(3,2008),(2,2005),(2,2001);
SELECT GROUP_CONCAT(a) FROM t1 GROUP BY b;
GROUP_CONCAT(a)
2
3
2
2
1
3
SELECT DISTINCT GROUP_CONCAT(a) FROM t1 GROUP BY b;
GROUP_CONCAT(a)
2
3
1
DROP TABLE t1;
